token,count,frequencyPer100Comment,frequencyPer100Token
the,240,12.415933781686498,2.1705706792077417
a,175,9.053285049146405,1.5827077869223116
i,173,8.949818934299017,1.5646196979289138
to,147,7.6047594412829795,1.3294745410147417
,136,7.035695809622348,1.2299900515510536
and,133,6.880496637351268,1.2028579180609569
is,128,6.621831350232799,1.157637695577462
it,117,6.052767718572167,1.058153206113774
of,106,5.483704086911537,0.958668716650086
in,100,5.173305742369374,0.9044044496698924
you,73,3.7765131919296433,0.6602152482590214
was,63,3.2591826176927055,0.5697748032920322
that,62,3.207449560269012,0.5607307587953333
its,61,3.1557165028453182,0.5516867142986344
saul,60,3.1039834454216244,0.5426426698019354
mike,60,3.1039834454216244,0.5426426698019354
show,56,2.8970512157268495,0.5064664918151397
this,55,2.8453181583031557,0.49742244731844076
bad,52,2.690118986032074,0.4702903138283441
for,52,2.690118986032074,0.4702903138283441
not,51,2.638385928608381,0.46124626933164514
on,49,2.534919813760993,0.4431581803382473
breaking,48,2.4831867563372994,0.43411413584154834
be,45,2.3279875840662183,0.4069820023514516
better,43,2.224521469218831,0.38889391335805373
just,43,2.224521469218831,0.38889391335805373
but,43,2.224521469218831,0.38889391335805373
like,42,2.172788411795137,0.3798498688613548
as,40,2.0693222969477496,0.36176177986795693
so,39,2.0175892395240558,0.35271773537125806
with,39,2.0175892395240558,0.35271773537125806
my,38,1.9658561821003622,0.3436736908745591
he,38,1.9658561821003622,0.3436736908745591
have,37,1.9141231246766686,0.3346296463778602
call,33,1.7071908949818935,0.29845346839106446
de,33,1.7071908949818935,0.29845346839106446
season,33,1.7071908949818935,0.29845346839106446
they,32,1.6554578375581996,0.2894094238943655
we,32,1.6554578375581996,0.2894094238943655
are,32,1.6554578375581996,0.2894094238943655
watch,31,1.603724780134506,0.28036537939766665
your,31,1.603724780134506,0.28036537939766665
up,31,1.603724780134506,0.28036537939766665
if,30,1.5519917227108122,0.2713213349009677
me,29,1.5002586652871184,0.2622772904042688
what,29,1.5002586652871184,0.2622772904042688
no,28,1.4485256078634248,0.25323324590756985
one,28,1.4485256078634248,0.25323324590756985
bb,28,1.4485256078634248,0.25323324590756985
when,27,1.396792550439731,0.24418920141087097
can,27,1.396792550439731,0.24418920141087097
watching,26,1.345059493016037,0.23514515691417204
good,26,1.345059493016037,0.23514515691417204
all,25,1.2933264355923435,0.2261011124174731
see,25,1.2933264355923435,0.2261011124174731
walter,25,1.2933264355923435,0.2261011124174731
out,25,1.2933264355923435,0.2261011124174731
gus,24,1.2415933781686497,0.21705706792077417
his,24,1.2415933781686497,0.21705706792077417
love,23,1.189860320744956,0.20801302342407527
new,22,1.1381272633212622,0.19896897892737633
episode,22,1.1381272633212622,0.19896897892737633
walt,22,1.1381272633212622,0.19896897892737633
best,21,1.0863942058975684,0.1899249344306774
time,21,1.0863942058975684,0.1899249344306774
now,21,1.0863942058975684,0.1899249344306774
really,21,1.0863942058975684,0.1899249344306774
dont,21,1.0863942058975684,0.1899249344306774
im,20,1.0346611484738748,0.18088088993397847
la,20,1.0346611484738748,0.18088088993397847
bcs,20,1.0346611484738748,0.18088088993397847
had,19,0.9829280910501811,0.17183684543727956
man,19,0.9829280910501811,0.17183684543727956
first,19,0.9829280910501811,0.17183684543727956
lol,19,0.9829280910501811,0.17183684543727956
did,18,0.9311950336264873,0.16279280094058063
get,18,0.9311950336264873,0.16279280094058063
who,18,0.9311950336264873,0.16279280094058063
an,18,0.9311950336264873,0.16279280094058063
character,17,0.8794619762027935,0.1537487564438817
guy,17,0.8794619762027935,0.1537487564438817
3,17,0.8794619762027935,0.1537487564438817
at,17,0.8794619762027935,0.1537487564438817
him,17,0.8794619762027935,0.1537487564438817
about,17,0.8794619762027935,0.1537487564438817
too,16,0.8277289187790998,0.14470471194718276
there,16,0.8277289187790998,0.14470471194718276
que,16,0.8277289187790998,0.14470471194718276
will,16,0.8277289187790998,0.14470471194718276
well,16,0.8277289187790998,0.14470471194718276
would,15,0.7759958613554061,0.13566066745048386
how,15,0.7759958613554061,0.13566066745048386
wait,15,0.7759958613554061,0.13566066745048386
same,15,0.7759958613554061,0.13566066745048386
watched,15,0.7759958613554061,0.13566066745048386
more,15,0.7759958613554061,0.13566066745048386
üòÇ,15,0.7759958613554061,0.13566066745048386
why,15,0.7759958613554061,0.13566066745048386
cant,14,0.7242628039317124,0.12661662295378492
die,14,0.7242628039317124,0.12661662295378492
think,14,0.7242628039317124,0.12661662295378492
know,14,0.7242628039317124,0.12661662295378492
got,13,0.6725297465080186,0.11757257845708602
do,13,0.6725297465080186,0.11757257845708602
much,13,0.6725297465080186,0.11757257845708602
white,13,0.6725297465080186,0.11757257845708602
again,13,0.6725297465080186,0.11757257845708602
jordan,13,0.6725297465080186,0.11757257845708602
üòé,13,0.6725297465080186,0.11757257845708602
back,13,0.6725297465080186,0.11757257845708602
from,13,0.6725297465080186,0.11757257845708602
great,13,0.6725297465080186,0.11757257845708602
los,13,0.6725297465080186,0.11757257845708602
david,13,0.6725297465080186,0.11757257845708602
ever,12,0.6207966890843248,0.10852853396038709
here,12,0.6207966890843248,0.10852853396038709
series,12,0.6207966890843248,0.10852853396038709
or,12,0.6207966890843248,0.10852853396038709
easter,12,0.6207966890843248,0.10852853396038709
michael,12,0.6207966890843248,0.10852853396038709
heisenberg,12,0.6207966890843248,0.10852853396038709
after,11,0.5690636316606311,0.09948448946368817
daniel,11,0.5690636316606311,0.09948448946368817
tom,11,0.5690636316606311,0.09948448946368817
been,11,0.5690636316606311,0.09948448946368817
has,11,0.5690636316606311,0.09948448946368817
o,11,0.5690636316606311,0.09948448946368817
egg,11,0.5690636316606311,0.09948448946368817
jimmy,11,0.5690636316606311,0.09948448946368817
serie,11,0.5690636316606311,0.09948448946368817
us,11,0.5690636316606311,0.09948448946368817
thats,11,0.5690636316606311,0.09948448946368817
alex,11,0.5690636316606311,0.09948448946368817
loved,11,0.5690636316606311,0.09948448946368817
should,11,0.5690636316606311,0.09948448946368817
jesse,11,0.5690636316606311,0.09948448946368817
francesco,10,0.5173305742369374,0.09044044496698923
even,10,0.5173305742369374,0.09044044496698923
them,10,0.5173305742369374,0.09044044496698923
sticker,10,0.5173305742369374,0.09044044496698923
pollos,10,0.5173305742369374,0.09044044496698923
only,10,0.5173305742369374,0.09044044496698923
episodes,10,0.5173305742369374,0.09044044496698923
el,10,0.5173305742369374,0.09044044496698923
shows,10,0.5173305742369374,0.09044044496698923
2,10,0.5173305742369374,0.09044044496698923
hermanos,10,0.5173305742369374,0.09044044496698923
6,10,0.5173305742369374,0.09044044496698923
day,10,0.5173305742369374,0.09044044496698923
need,10,0.5173305742369374,0.09044044496698923
van,10,0.5173305742369374,0.09044044496698923
other,10,0.5173305742369374,0.09044044496698923
thing,9,0.46559751681324363,0.08139640047029031
then,9,0.46559751681324363,0.08139640047029031
where,9,0.46559751681324363,0.08139640047029031
still,9,0.46559751681324363,0.08139640047029031
en,9,0.46559751681324363,0.08139640047029031
je,9,0.46559751681324363,0.08139640047029031
ok,9,0.46559751681324363,0.08139640047029031
tv,9,0.46559751681324363,0.08139640047029031
knows,9,0.46559751681324363,0.08139640047029031
miss,9,0.46559751681324363,0.08139640047029031
s√©rie,9,0.46559751681324363,0.08139640047029031
alexander,9,0.46559751681324363,0.08139640047029031
available,9,0.46559751681324363,0.08139640047029031
location,9,0.46559751681324363,0.08139640047029031
d,9,0.46559751681324363,0.08139640047029031
into,9,0.46559751681324363,0.08139640047029031
almost,9,0.46559751681324363,0.08139640047029031
sauls,8,0.4138644593895499,0.07235235597359138
content,8,0.4138644593895499,0.07235235597359138
already,8,0.4138644593895499,0.07235235597359138
right,8,0.4138644593895499,0.07235235597359138
awesome,8,0.4138644593895499,0.07235235597359138
se,8,0.4138644593895499,0.07235235597359138
james,8,0.4138644593895499,0.07235235597359138
slow,8,0.4138644593895499,0.07235235597359138
being,8,0.4138644593895499,0.07235235597359138
hes,8,0.4138644593895499,0.07235235597359138
since,8,0.4138644593895499,0.07235235597359138
most,8,0.4138644593895499,0.07235235597359138
luke,8,0.4138644593895499,0.07235235597359138
go,8,0.4138644593895499,0.07235235597359138
page,8,0.4138644593895499,0.07235235597359138
getting,8,0.4138644593895499,0.07235235597359138
things,7,0.3621314019658562,0.06330831147689246
youre,7,0.3621314019658562,0.06330831147689246
people,7,0.3621314019658562,0.06330831147689246
ich,7,0.3621314019658562,0.06330831147689246
down,7,0.3621314019658562,0.06330831147689246
way,7,0.3621314019658562,0.06330831147689246
desde,7,0.3621314019658562,0.06330831147689246
gotta,7,0.3621314019658562,0.06330831147689246
estoy,7,0.3621314019658562,0.06330831147689246
ive,7,0.3621314019658562,0.06330831147689246
real,7,0.3621314019658562,0.06330831147689246
also,7,0.3621314019658562,0.06330831147689246
whole,7,0.3621314019658562,0.06330831147689246
some,7,0.3621314019658562,0.06330831147689246
martin,7,0.3621314019658562,0.06330831147689246
few,7,0.3621314019658562,0.06330831147689246
un,7,0.3621314019658562,0.06330831147689246
didnt,7,0.3621314019658562,0.06330831147689246
something,7,0.3621314019658562,0.06330831147689246
üòÇüòÇ,7,0.3621314019658562,0.06330831147689246
looks,7,0.3621314019658562,0.06330831147689246
thought,7,0.3621314019658562,0.06330831147689246
could,6,0.3103983445421624,0.05426426698019354
end,6,0.3103983445421624,0.05426426698019354
don,6,0.3103983445421624,0.05426426698019354
m,6,0.3103983445421624,0.05426426698019354
üòÇüòÇüòÇ,6,0.3103983445421624,0.05426426698019354
make,6,0.3103983445421624,0.05426426698019354
characters,6,0.3103983445421624,0.05426426698019354
yes,6,0.3103983445421624,0.05426426698019354
yet,6,0.3103983445421624,0.05426426698019354
cranston,6,0.3103983445421624,0.05426426698019354
1,6,0.3103983445421624,0.05426426698019354
si,6,0.3103983445421624,0.05426426698019354
than,6,0.3103983445421624,0.05426426698019354
were,6,0.3103983445421624,0.05426426698019354
kevin,6,0.3103983445421624,0.05426426698019354
goodman,6,0.3103983445421624,0.05426426698019354
sure,6,0.3103983445421624,0.05426426698019354
luego,6,0.3103983445421624,0.05426426698019354
going,6,0.3103983445421624,0.05426426698019354
bryan,6,0.3103983445421624,0.05426426698019354
favorite,6,0.3103983445421624,0.05426426698019354
start,6,0.3103983445421624,0.05426426698019354
am,6,0.3103983445421624,0.05426426698019354
5,6,0.3103983445421624,0.05426426698019354
lawyer,6,0.3103983445421624,0.05426426698019354
two,6,0.3103983445421624,0.05426426698019354
coming,6,0.3103983445421624,0.05426426698019354
isnt,6,0.3103983445421624,0.05426426698019354
hard,6,0.3103983445421624,0.05426426698019354
p,6,0.3103983445421624,0.05426426698019354
robert,6,0.3103983445421624,0.05426426698019354
done,6,0.3103983445421624,0.05426426698019354
üòâ,6,0.3103983445421624,0.05426426698019354
last,6,0.3103983445421624,0.05426426698019354
look,6,0.3103983445421624,0.05426426698019354
e,6,0.3103983445421624,0.05426426698019354
entire,6,0.3103983445421624,0.05426426698019354
havent,6,0.3103983445421624,0.05426426698019354
use,6,0.3103983445421624,0.05426426698019354
le,6,0.3103983445421624,0.05426426698019354
both,6,0.3103983445421624,0.05426426698019354
become,6,0.3103983445421624,0.05426426698019354
because,6,0.3103983445421624,0.05426426698019354
own,6,0.3103983445421624,0.05426426698019354
every,5,0.2586652871184687,0.04522022248349462
jack,5,0.2586652871184687,0.04522022248349462
told,5,0.2586652871184687,0.04522022248349462
never,5,0.2586652871184687,0.04522022248349462
want,5,0.2586652871184687,0.04522022248349462
times,5,0.2586652871184687,0.04522022248349462
over,5,0.2586652871184687,0.04522022248349462
break,5,0.2586652871184687,0.04522022248349462
went,5,0.2586652871184687,0.04522022248349462
fring,5,0.2586652871184687,0.04522022248349462
seen,5,0.2586652871184687,0.04522022248349462
di,5,0.2586652871184687,0.04522022248349462
said,5,0.2586652871184687,0.04522022248349462
memorial,5,0.2586652871184687,0.04522022248349462
thanks,5,0.2586652871184687,0.04522022248349462
check,5,0.2586652871184687,0.04522022248349462
died,5,0.2586652871184687,0.04522022248349462
laura,5,0.2586652871184687,0.04522022248349462
lukas,5,0.2586652871184687,0.04522022248349462
brilliant,5,0.2586652871184687,0.04522022248349462
maybe,5,0.2586652871184687,0.04522022248349462
half,5,0.2586652871184687,0.04522022248349462
killed,5,0.2586652871184687,0.04522022248349462
yeah,5,0.2586652871184687,0.04522022248349462
gonzalez,5,0.2586652871184687,0.04522022248349462
xd,5,0.2586652871184687,0.04522022248349462
danny,5,0.2586652871184687,0.04522022248349462
take,5,0.2586652871184687,0.04522022248349462
later,5,0.2586652871184687,0.04522022248349462
come,5,0.2586652871184687,0.04522022248349462
many,5,0.2586652871184687,0.04522022248349462
those,5,0.2586652871184687,0.04522022248349462
patrick,5,0.2586652871184687,0.04522022248349462
u,5,0.2586652871184687,0.04522022248349462
very,5,0.2586652871184687,0.04522022248349462
fan,5,0.2586652871184687,0.04522022248349462
ma,5,0.2586652871184687,0.04522022248349462
salvador,5,0.2586652871184687,0.04522022248349462
der,5,0.2586652871184687,0.04522022248349462
sense,5,0.2586652871184687,0.04522022248349462
court,5,0.2586652871184687,0.04522022248349462
always,5,0.2586652871184687,0.04522022248349462
reason,5,0.2586652871184687,0.04522022248349462
measures,5,0.2586652871184687,0.04522022248349462
seasons,5,0.2586652871184687,0.04522022248349462
thomas,5,0.2586652871184687,0.04522022248349462
pretty,5,0.2586652871184687,0.04522022248349462
c,5,0.2586652871184687,0.04522022248349462
jeff,5,0.2586652871184687,0.04522022248349462
anthony,5,0.2586652871184687,0.04522022248349462
acuerdo,5,0.2586652871184687,0.04522022248349462
von,5,0.2586652871184687,0.04522022248349462
by,5,0.2586652871184687,0.04522022248349462
netflix,5,0.2586652871184687,0.04522022248349462
katie,5,0.2586652871184687,0.04522022248349462
nice,5,0.2586652871184687,0.04522022248349462
totalmente,5,0.2586652871184687,0.04522022248349462
next,5,0.2586652871184687,0.04522022248349462
brian,5,0.2586652871184687,0.04522022248349462
our,5,0.2586652871184687,0.04522022248349462
keep,5,0.2586652871184687,0.04522022248349462
scene,5,0.2586652871184687,0.04522022248349462
course,5,0.2586652871184687,0.04522022248349462
vince,5,0.2586652871184687,0.04522022248349462
off,5,0.2586652871184687,0.04522022248349462
paul,5,0.2586652871184687,0.04522022248349462
alejandro,5,0.2586652871184687,0.04522022248349462
francesca,4,0.20693222969477496,0.03617617798679569
haha,4,0.20693222969477496,0.03617617798679569
kumar,4,0.20693222969477496,0.03617617798679569
work,4,0.20693222969477496,0.03617617798679569
ik,4,0.20693222969477496,0.03617617798679569
skyler,4,0.20693222969477496,0.03617617798679569
jacob,4,0.20693222969477496,0.03617617798679569
chuck,4,0.20693222969477496,0.03617617798679569
mean,4,0.20693222969477496,0.03617617798679569
god,4,0.20693222969477496,0.03617617798679569
kim,4,0.20693222969477496,0.03617617798679569
another,4,0.20693222969477496,0.03617617798679569
üëç,4,0.20693222969477496,0.03617617798679569
spoiler,4,0.20693222969477496,0.03617617798679569
ahmed,4,0.20693222969477496,0.03617617798679569
mind,4,0.20693222969477496,0.03617617798679569
marie,4,0.20693222969477496,0.03617617798679569
definitely,4,0.20693222969477496,0.03617617798679569
came,4,0.20693222969477496,0.03617617798679569
da,4,0.20693222969477496,0.03617617798679569
omg,4,0.20693222969477496,0.03617617798679569
ww,4,0.20693222969477496,0.03617617798679569
tony,4,0.20693222969477496,0.03617617798679569
binge,4,0.20693222969477496,0.03617617798679569
catch,4,0.20693222969477496,0.03617617798679569
left,4,0.20693222969477496,0.03617617798679569
jose,4,0.20693222969477496,0.03617617798679569
prison,4,0.20693222969477496,0.03617617798679569
old,4,0.20693222969477496,0.03617617798679569
knew,4,0.20693222969477496,0.03617617798679569
super,4,0.20693222969477496,0.03617617798679569
live,4,0.20693222969477496,0.03617617798679569
memory,4,0.20693222969477496,0.03617617798679569
today,4,0.20693222969477496,0.03617617798679569
criminal,4,0.20693222969477496,0.03617617798679569
such,4,0.20693222969477496,0.03617617798679569
guys,4,0.20693222969477496,0.03617617798679569
brain,4,0.20693222969477496,0.03617617798679569
spinoff,4,0.20693222969477496,0.03617617798679569
group,4,0.20693222969477496,0.03617617798679569
year,4,0.20693222969477496,0.03617617798679569
es,4,0.20693222969477496,0.03617617798679569
george,4,0.20693222969477496,0.03617617798679569
anyone,4,0.20693222969477496,0.03617617798679569
stupid,4,0.20693222969477496,0.03617617798679569
temporada,4,0.20693222969477496,0.03617617798679569
trip,4,0.20693222969477496,0.03617617798679569
week,4,0.20693222969477496,0.03617617798679569
without,4,0.20693222969477496,0.03617617798679569
thinking,4,0.20693222969477496,0.03617617798679569
seems,4,0.20693222969477496,0.03617617798679569
4,4,0.20693222969477496,0.03617617798679569
read,4,0.20693222969477496,0.03617617798679569
ce,4,0.20693222969477496,0.03617617798679569
gomorrah,4,0.20693222969477496,0.03617617798679569
al,4,0.20693222969477496,0.03617617798679569
chris,4,0.20693222969477496,0.03617617798679569
follow,4,0.20693222969477496,0.03617617798679569
family,4,0.20693222969477496,0.03617617798679569
del,4,0.20693222969477496,0.03617617798679569
might,4,0.20693222969477496,0.03617617798679569
missed,4,0.20693222969477496,0.03617617798679569
guess,4,0.20693222969477496,0.03617617798679569
üòç,4,0.20693222969477496,0.03617617798679569
florian,4,0.20693222969477496,0.03617617798679569
abdullah,4,0.20693222969477496,0.03617617798679569
find,4,0.20693222969477496,0.03617617798679569
mehdi,4,0.20693222969477496,0.03617617798679569
leon,4,0.20693222969477496,0.03617617798679569
mitchell,4,0.20693222969477496,0.03617617798679569
theres,4,0.20693222969477496,0.03617617798679569
ruth,4,0.20693222969477496,0.03617617798679569
marco,4,0.20693222969477496,0.03617617798679569
pietro,4,0.20693222969477496,0.03617617798679569
far,4,0.20693222969477496,0.03617617798679569
simon,4,0.20693222969477496,0.03617617798679569
ryan,4,0.20693222969477496,0.03617617798679569
try,4,0.20693222969477496,0.03617617798679569
piper,4,0.20693222969477496,0.03617617798679569
waiting,4,0.20693222969477496,0.03617617798679569
let,4,0.20693222969477496,0.03617617798679569
started,4,0.20693222969477496,0.03617617798679569
gabriel,4,0.20693222969477496,0.03617617798679569
üòçüòçüòç,4,0.20693222969477496,0.03617617798679569
realized,4,0.20693222969477496,0.03617617798679569
badger,4,0.20693222969477496,0.03617617798679569
lo,4,0.20693222969477496,0.03617617798679569
jesus,4,0.20693222969477496,0.03617617798679569
their,4,0.20693222969477496,0.03617617798679569
exactly,4,0.20693222969477496,0.03617617798679569
boring,4,0.20693222969477496,0.03617617798679569
chapman,4,0.20693222969477496,0.03617617798679569
which,4,0.20693222969477496,0.03617617798679569
meant,4,0.20693222969477496,0.03617617798679569
she,4,0.20693222969477496,0.03617617798679569
written,4,0.20693222969477496,0.03617617798679569
restrictions,4,0.20693222969477496,0.03617617798679569
tshirt,4,0.20693222969477496,0.03617617798679569
hahaha,4,0.20693222969477496,0.03617617798679569
matthew,4,0.20693222969477496,0.03617617798679569
ha,4,0.20693222969477496,0.03617617798679569
made,4,0.20693222969477496,0.03617617798679569
wish,4,0.20693222969477496,0.03617617798679569
starting,4,0.20693222969477496,0.03617617798679569
pride,3,0.1551991722710812,0.02713213349009677
direct,3,0.1551991722710812,0.02713213349009677
net,3,0.1551991722710812,0.02713213349009677
join,3,0.1551991722710812,0.02713213349009677
total,3,0.1551991722710812,0.02713213349009677
until,3,0.1551991722710812,0.02713213349009677
hurt,3,0.1551991722710812,0.02713213349009677
excelente,3,0.1551991722710812,0.02713213349009677
amazing,3,0.1551991722710812,0.02713213349009677
third,3,0.1551991722710812,0.02713213349009677
before,3,0.1551991722710812,0.02713213349009677
fix,3,0.1551991722710812,0.02713213349009677
imo,3,0.1551991722710812,0.02713213349009677
luca,3,0.1551991722710812,0.02713213349009677
carlos,3,0.1551991722710812,0.02713213349009677
mason,3,0.1551991722710812,0.02713213349009677
little,3,0.1551991722710812,0.02713213349009677
starts,3,0.1551991722710812,0.02713213349009677
marcus,3,0.1551991722710812,0.02713213349009677
√©,3,0.1551991722710812,0.02713213349009677
üëÄ,3,0.1551991722710812,0.02713213349009677
scenes,3,0.1551991722710812,0.02713213349009677
though,3,0.1551991722710812,0.02713213349009677
y,3,0.1551991722710812,0.02713213349009677
saying,3,0.1551991722710812,0.02713213349009677
du,3,0.1551991722710812,0.02713213349009677
bag,3,0.1551991722710812,0.02713213349009677
boss,3,0.1551991722710812,0.02713213349009677
una,3,0.1551991722710812,0.02713213349009677
flores,3,0.1551991722710812,0.02713213349009677
lovely,3,0.1551991722710812,0.02713213349009677
life,3,0.1551991722710812,0.02713213349009677
id,3,0.1551991722710812,0.02713213349009677
mother,3,0.1551991722710812,0.02713213349009677
fantastic,3,0.1551991722710812,0.02713213349009677
theyre,3,0.1551991722710812,0.02713213349009677
dead,3,0.1551991722710812,0.02713213349009677
cosplayer,3,0.1551991722710812,0.02713213349009677
post,3,0.1551991722710812,0.02713213349009677
whats,3,0.1551991722710812,0.02713213349009677
music,3,0.1551991722710812,0.02713213349009677
true,3,0.1551991722710812,0.02713213349009677
moore,3,0.1551991722710812,0.02713213349009677
ne,3,0.1551991722710812,0.02713213349009677
tim,3,0.1551991722710812,0.02713213349009677
mira,3,0.1551991722710812,0.02713213349009677
ward,3,0.1551991722710812,0.02713213349009677
ver,3,0.1551991722710812,0.02713213349009677
everything,3,0.1551991722710812,0.02713213349009677
word,3,0.1551991722710812,0.02713213349009677
exact,3,0.1551991722710812,0.02713213349009677
solved,3,0.1551991722710812,0.02713213349009677
regeneration,3,0.1551991722710812,0.02713213349009677
dude,3,0.1551991722710812,0.02713213349009677
andy,3,0.1551991722710812,0.02713213349009677
wouldnt,3,0.1551991722710812,0.02713213349009677
making,3,0.1551991722710812,0.02713213349009677
hasan,3,0.1551991722710812,0.02713213349009677
mas,3,0.1551991722710812,0.02713213349009677
may,3,0.1551991722710812,0.02713213349009677
hassan,3,0.1551991722710812,0.02713213349009677
years,3,0.1551991722710812,0.02713213349009677
tula,3,0.1551991722710812,0.02713213349009677
mais,3,0.1551991722710812,0.02713213349009677
interesting,3,0.1551991722710812,0.02713213349009677
happened,3,0.1551991722710812,0.02713213349009677
non,3,0.1551991722710812,0.02713213349009677
wont,3,0.1551991722710812,0.02713213349009677
name,3,0.1551991722710812,0.02713213349009677
fabian,3,0.1551991722710812,0.02713213349009677
nicht,3,0.1551991722710812,0.02713213349009677
xx,3,0.1551991722710812,0.02713213349009677
broadcast,3,0.1551991722710812,0.02713213349009677
12,3,0.1551991722710812,0.02713213349009677
lmao,3,0.1551991722710812,0.02713213349009677
n√£o,3,0.1551991722710812,0.02713213349009677
aller,3,0.1551991722710812,0.02713213349009677
craig,3,0.1551991722710812,0.02713213349009677
say,3,0.1551991722710812,0.02713213349009677
saw,3,0.1551991722710812,0.02713213349009677
any,3,0.1551991722710812,0.02713213349009677
gustavo,3,0.1551991722710812,0.02713213349009677
walking,3,0.1551991722710812,0.02713213349009677
shot,3,0.1551991722710812,0.02713213349009677
crime,3,0.1551991722710812,0.02713213349009677
black,3,0.1551991722710812,0.02713213349009677
samuel,3,0.1551991722710812,0.02713213349009677
cannot,3,0.1551991722710812,0.02713213349009677
celebrate,3,0.1551991722710812,0.02713213349009677
ahmad,3,0.1551991722710812,0.02713213349009677
through,3,0.1551991722710812,0.02713213349009677
amanda,3,0.1551991722710812,0.02713213349009677
matteo,3,0.1551991722710812,0.02713213349009677
thrilling,3,0.1551991722710812,0.02713213349009677
job,3,0.1551991722710812,0.02713213349009677
mann,3,0.1551991722710812,0.02713213349009677
por,3,0.1551991722710812,0.02713213349009677
marc,3,0.1551991722710812,0.02713213349009677
mark,3,0.1551991722710812,0.02713213349009677
lia,3,0.1551991722710812,0.02713213349009677
these,3,0.1551991722710812,0.02713213349009677
ya,3,0.1551991722710812,0.02713213349009677
finish,3,0.1551991722710812,0.02713213349009677
amc,3,0.1551991722710812,0.02713213349009677
gonna,3,0.1551991722710812,0.02713213349009677
world,3,0.1551991722710812,0.02713213349009677
christina,3,0.1551991722710812,0.02713213349009677
either,3,0.1551991722710812,0.02713213349009677
her,3,0.1551991722710812,0.02713213349009677
lot,3,0.1551991722710812,0.02713213349009677
varun,3,0.1551991722710812,0.02713213349009677
nu√±ez,3,0.1551991722710812,0.02713213349009677
agree,3,0.1551991722710812,0.02713213349009677
jeremy,3,0.1551991722710812,0.02713213349009677
walker,3,0.1551991722710812,0.02713213349009677
wife,3,0.1551991722710812,0.02713213349009677
ali,3,0.1551991722710812,0.02713213349009677
gupta,3,0.1551991722710812,0.02713213349009677
aaron,3,0.1551991722710812,0.02713213349009677
te,3,0.1551991722710812,0.02713213349009677
roy,3,0.1551991722710812,0.02713213349009677
harry,3,0.1551991722710812,0.02713213349009677
richard,3,0.1551991722710812,0.02713213349009677
vamos,3,0.1551991722710812,0.02713213349009677
belize,3,0.1551991722710812,0.02713213349009677
khan,3,0.1551991722710812,0.02713213349009677
chucks,3,0.1551991722710812,0.02713213349009677
√ßa,3,0.1551991722710812,0.02713213349009677
cantaluppi,3,0.1551991722710812,0.02713213349009677
geographic,3,0.1551991722710812,0.02713213349009677
soon,3,0.1551991722710812,0.02713213349009677
actually,3,0.1551991722710812,0.02713213349009677
leticia,3,0.1551991722710812,0.02713213349009677
easily,3,0.1551991722710812,0.02713213349009677
stopped,3,0.1551991722710812,0.02713213349009677
everyone,3,0.1551991722710812,0.02713213349009677
research,3,0.1551991722710812,0.02713213349009677
put,3,0.1551991722710812,0.02713213349009677
sanchez,3,0.1551991722710812,0.02713213349009677
fabien,3,0.1551991722710812,0.02713213349009677
part,3,0.1551991722710812,0.02713213349009677
üòÉ,3,0.1551991722710812,0.02713213349009677
üòÅ,3,0.1551991722710812,0.02713213349009677
schon,3,0.1551991722710812,0.02713213349009677
gotten,3,0.1551991722710812,0.02713213349009677
wasnt,3,0.1551991722710812,0.02713213349009677
gilligan,3,0.1551991722710812,0.02713213349009677
antonio,3,0.1551991722710812,0.02713213349009677
ratings,3,0.1551991722710812,0.02713213349009677
towards,3,0.1551991722710812,0.02713213349009677
randy,3,0.1551991722710812,0.02713213349009677
8,3,0.1551991722710812,0.02713213349009677
hit,3,0.1551991722710812,0.02713213349009677
close,3,0.1551991722710812,0.02713213349009677
movie,3,0.1551991722710812,0.02713213349009677
probably,3,0.1551991722710812,0.02713213349009677
nope,3,0.1551991722710812,0.02713213349009677
missing,3,0.1551991722710812,0.02713213349009677
became,3,0.1551991722710812,0.02713213349009677
pieri,3,0.1551991722710812,0.02713213349009677
georgia,3,0.1551991722710812,0.02713213349009677
straight,3,0.1551991722710812,0.02713213349009677
hated,3,0.1551991722710812,0.02713213349009677
maria,3,0.1551991722710812,0.02713213349009677
big,3,0.1551991722710812,0.02713213349009677
epic,3,0.1551991722710812,0.02713213349009677
leonel,3,0.1551991722710812,0.02713213349009677
anything,3,0.1551991722710812,0.02713213349009677
brasil,3,0.1551991722710812,0.02713213349009677
murphy,3,0.1551991722710812,0.02713213349009677
lydia,3,0.1551991722710812,0.02713213349009677
nick,3,0.1551991722710812,0.02713213349009677
favourite,3,0.1551991722710812,0.02713213349009677
steve,3,0.1551991722710812,0.02713213349009677
video,3,0.1551991722710812,0.02713213349009677
makes,3,0.1551991722710812,0.02713213349009677
crap,3,0.1551991722710812,0.02713213349009677
smailes,3,0.1551991722710812,0.02713213349009677
nicol√°s,3,0.1551991722710812,0.02713213349009677
l,3,0.1551991722710812,0.02713213349009677
che,3,0.1551991722710812,0.02713213349009677
perfect,3,0.1551991722710812,0.02713213349009677
suggestslook,3,0.1551991722710812,0.02713213349009677
completely,3,0.1551991722710812,0.02713213349009677
stimulate,3,0.1551991722710812,0.02713213349009677
spannend,3,0.1551991722710812,0.02713213349009677
able,3,0.1551991722710812,0.02713213349009677
pete,3,0.1551991722710812,0.02713213349009677
petros,3,0.1551991722710812,0.02713213349009677
fact,3,0.1551991722710812,0.02713213349009677
chicken,3,0.1551991722710812,0.02713213349009677
hector,3,0.1551991722710812,0.02713213349009677
gray,3,0.1551991722710812,0.02713213349009677
gerardo,3,0.1551991722710812,0.02713213349009677
taking,3,0.1551991722710812,0.02713213349009677
jajaja,3,0.1551991722710812,0.02713213349009677
gets,3,0.1551991722710812,0.02713213349009677
dan,3,0.1551991722710812,0.02713213349009677
broccoli,3,0.1551991722710812,0.02713213349009677
incredible,3,0.1551991722710812,0.02713213349009677
cameo,3,0.1551991722710812,0.02713213349009677
point,3,0.1551991722710812,0.02713213349009677
patricia,3,0.1551991722710812,0.02713213349009677
does,3,0.1551991722710812,0.02713213349009677
httpwwwmrhealthyworldcom20170420broccolicanstimulatebrainregenerationnewresearchsuggestslookhow,3,0.1551991722710812,0.02713213349009677
wesley,3,0.1551991722710812,0.02713213349009677
stay,3,0.1551991722710812,0.02713213349009677
tag,3,0.1551991722710812,0.02713213349009677
diego,3,0.1551991722710812,0.02713213349009677
monday,3,0.1551991722710812,0.02713213349009677
kinda,3,0.1551991722710812,0.02713213349009677
gesehen,2,0.10346611484738748,0.018088088993397845
hate,2,0.10346611484738748,0.018088088993397845
guerrero,2,0.10346611484738748,0.018088088993397845
edward,2,0.10346611484738748,0.018088088993397845
hedi,2,0.10346611484738748,0.018088088993397845
likely,2,0.10346611484738748,0.018088088993397845
cesar,2,0.10346611484738748,0.018088088993397845
abogado,2,0.10346611484738748,0.018088088993397845
seth,2,0.10346611484738748,0.018088088993397845
tercera,2,0.10346611484738748,0.018088088993397845
met,2,0.10346611484738748,0.018088088993397845
protection,2,0.10346611484738748,0.018088088993397845
kids,2,0.10346611484738748,0.018088088993397845
juarez,2,0.10346611484738748,0.018088088993397845
criminals,2,0.10346611484738748,0.018088088993397845
ellos,2,0.10346611484738748,0.018088088993397845
goran,2,0.10346611484738748,0.018088088993397845
oscar,2,0.10346611484738748,0.018088088993397845
phone,2,0.10346611484738748,0.018088088993397845
vpn,2,0.10346611484738748,0.018088088993397845
vou,2,0.10346611484738748,0.018088088993397845
mi,2,0.10346611484738748,0.018088088993397845
give,2,0.10346611484738748,0.018088088993397845
ŸáÿßŸÜŸÉ,2,0.10346611484738748,0.018088088993397845
üò±üò±,2,0.10346611484738748,0.018088088993397845
villalobos,2,0.10346611484738748,0.018088088993397845
writers,2,0.10346611484738748,0.018088088993397845
elizabeth,2,0.10346611484738748,0.018088088993397845
mess,2,0.10346611484738748,0.018088088993397845
üñí,2,0.10346611484738748,0.018088088993397845
seamus,2,0.10346611484738748,0.018088088993397845
restriction,2,0.10346611484738748,0.018088088993397845
bella,2,0.10346611484738748,0.018088088993397845
writing,2,0.10346611484738748,0.018088088993397845
weeks,2,0.10346611484738748,0.018088088993397845
band,2,0.10346611484738748,0.018088088993397845
hiring,2,0.10346611484738748,0.018088088993397845
ÿ¥ŸÉÿØ,2,0.10346611484738748,0.018088088993397845
riesco,2,0.10346611484738748,0.018088088993397845
httpstsprngcbreakingbadjune2017,2,0.10346611484738748,0.018088088993397845
kerim,2,0.10346611484738748,0.018088088993397845
diana,2,0.10346611484738748,0.018088088993397845
kiris,2,0.10346611484738748,0.018088088993397845
nunca,2,0.10346611484738748,0.018088088993397845
smh,2,0.10346611484738748,0.018088088993397845
days,2,0.10346611484738748,0.018088088993397845
ist,2,0.10346611484738748,0.018088088993397845
üîùüåü,2,0.10346611484738748,0.018088088993397845
httpswwwfacebookcomgroupsbettercallsaulgroup,2,0.10346611484738748,0.018088088993397845
√®,2,0.10346611484738748,0.018088088993397845
girls,2,0.10346611484738748,0.018088088993397845
john,2,0.10346611484738748,0.018088088993397845
üëå,2,0.10346611484738748,0.018088088993397845
took,2,0.10346611484738748,0.018088088993397845
showed,2,0.10346611484738748,0.018088088993397845
matter,2,0.10346611484738748,0.018088088993397845
miranda,2,0.10346611484738748,0.018088088993397845
esta,2,0.10346611484738748,0.018088088993397845
talking,2,0.10346611484738748,0.018088088993397845
hug,2,0.10346611484738748,0.018088088993397845
brandon,2,0.10346611484738748,0.018088088993397845
sue,2,0.10346611484738748,0.018088088993397845
germany,2,0.10346611484738748,0.018088088993397845
tha,2,0.10346611484738748,0.018088088993397845
lph,2,0.10346611484738748,0.018088088993397845
behind,2,0.10346611484738748,0.018088088993397845
walts,2,0.10346611484738748,0.018088088993397845
s03e02,2,0.10346611484738748,0.018088088993397845
release,2,0.10346611484738748,0.018088088993397845
waleed,2,0.10346611484738748,0.018088088993397845
bien,2,0.10346611484738748,0.018088088993397845
wa,2,0.10346611484738748,0.018088088993397845
kitchen,2,0.10346611484738748,0.018088088993397845
ill,2,0.10346611484738748,0.018088088993397845
sai,2,0.10346611484738748,0.018088088993397845
khaled,2,0.10346611484738748,0.018088088993397845
halabi,2,0.10346611484738748,0.018088088993397845
dave,2,0.10346611484738748,0.018088088993397845
spin,2,0.10346611484738748,0.018088088993397845
castro,2,0.10346611484738748,0.018088088993397845
n,2,0.10346611484738748,0.018088088993397845
faut,2,0.10346611484738748,0.018088088993397845
stop,2,0.10346611484738748,0.018088088993397845
mexico,2,0.10346611484738748,0.018088088993397845
niko,2,0.10346611484738748,0.018088088993397845
ubeja,2,0.10346611484738748,0.018088088993397845
httpsteechipcombbadformulaid0c131313sidfruitoftheloomcottontsfront,2,0.10346611484738748,0.018088088993397845
hank,2,0.10346611484738748,0.018088088993397845
kept,2,0.10346611484738748,0.018088088993397845
benavides,2,0.10346611484738748,0.018088088993397845
yep,2,0.10346611484738748,0.018088088993397845
mohamed,2,0.10346611484738748,0.018088088993397845
hab,2,0.10346611484738748,0.018088088993397845
regarder,2,0.10346611484738748,0.018088088993397845
possibly,2,0.10346611484738748,0.018088088993397845
50,2,0.10346611484738748,0.018088088993397845
security,2,0.10346611484738748,0.018088088993397845
sebastian,2,0.10346611484738748,0.018088088993397845
acar,2,0.10346611484738748,0.018088088993397845
hehe,2,0.10346611484738748,0.018088088993397845
üòçüòç,2,0.10346611484738748,0.018088088993397845
ŸáŸáŸáŸáŸáŸáŸáŸáŸá,2,0.10346611484738748,0.018088088993397845
anderson,2,0.10346611484738748,0.018088088993397845
happy,2,0.10346611484738748,0.018088088993397845
jim√©nez,2,0.10346611484738748,0.018088088993397845
ŸáŸáŸáŸáŸáŸáŸáŸá,2,0.10346611484738748,0.018088088993397845
melanie,2,0.10346611484738748,0.018088088993397845
httpsctop4topnetp487m87ju1jpg,2,0.10346611484738748,0.018088088993397845
clive,2,0.10346611484738748,0.018088088993397845
sometime,2,0.10346611484738748,0.018088088993397845
jamais,2,0.10346611484738748,0.018088088993397845
nn,2,0.10346611484738748,0.018088088993397845
na,2,0.10346611484738748,0.018088088993397845
actor,2,0.10346611484738748,0.018088088993397845
tio,2,0.10346611484738748,0.018088088993397845
realize,2,0.10346611484738748,0.018088088993397845
harsh,2,0.10346611484738748,0.018088088993397845
marathon,2,0.10346611484738748,0.018088088993397845
serious,2,0.10346611484738748,0.018088088993397845
muss,2,0.10346611484738748,0.018088088993397845
vez,2,0.10346611484738748,0.018088088993397845
beste,2,0.10346611484738748,0.018088088993397845
lynch,2,0.10346611484738748,0.018088088993397845
cook,2,0.10346611484738748,0.018088088993397845
trouble,2,0.10346611484738748,0.018088088993397845
cool,2,0.10346611484738748,0.018088088993397845
soooo,2,0.10346611484738748,0.018088088993397845
appear,2,0.10346611484738748,0.018088088993397845
goes,2,0.10346611484738748,0.018088088993397845
reply,2,0.10346611484738748,0.018088088993397845
den,2,0.10346611484738748,0.018088088993397845
melhor,2,0.10346611484738748,0.018088088993397845
alone,2,0.10346611484738748,0.018088088993397845
taylor,2,0.10346611484738748,0.018088088993397845
reegan,2,0.10346611484738748,0.018088088993397845
boy,2,0.10346611484738748,0.018088088993397845
bob,2,0.10346611484738748,0.018088088993397845
rafael,2,0.10346611484738748,0.018088088993397845
working,2,0.10346611484738748,0.018088088993397845
aye,2,0.10346611484738748,0.018088088993397845
stated,2,0.10346611484738748,0.018088088993397845
clun,2,0.10346611484738748,0.018088088993397845
noch,2,0.10346611484738748,0.018088088993397845
dennis,2,0.10346611484738748,0.018088088993397845
bonaventura,2,0.10346611484738748,0.018088088993397845
hampson,2,0.10346611484738748,0.018088088993397845
rewatched,2,0.10346611484738748,0.018088088993397845
max,2,0.10346611484738748,0.018088088993397845
mad,2,0.10346611484738748,0.018088088993397845
date,2,0.10346611484738748,0.018088088993397845
suck,2,0.10346611484738748,0.018088088993397845
holycross,2,0.10346611484738748,0.018088088993397845
peterson,2,0.10346611484738748,0.018088088993397845
nog,2,0.10346611484738748,0.018088088993397845
nos,2,0.10346611484738748,0.018088088993397845
villarroel,2,0.10346611484738748,0.018088088993397845
httpswwwteezilycomtshirtbreakingbad,2,0.10346611484738748,0.018088088993397845
eh,2,0.10346611484738748,0.018088088993397845
sopranos,2,0.10346611484738748,0.018088088993397845
cardiff,2,0.10346611484738748,0.018088088993397845
eu,2,0.10346611484738748,0.018088088993397845
happen,2,0.10346611484738748,0.018088088993397845
ep,2,0.10346611484738748,0.018088088993397845
odenkirk,2,0.10346611484738748,0.018088088993397845
looking,2,0.10346611484738748,0.018088088993397845
seriously,2,0.10346611484738748,0.018088088993397845
internet,2,0.10346611484738748,0.018088088993397845
fargo,2,0.10346611484738748,0.018088088993397845
albuquerque,2,0.10346611484738748,0.018088088993397845
auch,2,0.10346611484738748,0.018088088993397845
arends,2,0.10346611484738748,0.018088088993397845
marle,2,0.10346611484738748,0.018088088993397845
üíú,2,0.10346611484738748,0.018088088993397845
melly,2,0.10346611484738748,0.018088088993397845
carsten,2,0.10346611484738748,0.018088088993397845
place,2,0.10346611484738748,0.018088088993397845
sounds,2,0.10346611484738748,0.018088088993397845
given,2,0.10346611484738748,0.018088088993397845
ian,2,0.10346611484738748,0.018088088993397845
dillon,2,0.10346611484738748,0.018088088993397845
friend,2,0.10346611484738748,0.018088088993397845
butt,2,0.10346611484738748,0.018088088993397845
10,2,0.10346611484738748,0.018088088993397845
bauer,2,0.10346611484738748,0.018088088993397845
head,2,0.10346611484738748,0.018088088993397845
sad,2,0.10346611484738748,0.018088088993397845
suspense,2,0.10346611484738748,0.018088088993397845
normal,2,0.10346611484738748,0.018088088993397845
personnage,2,0.10346611484738748,0.018088088993397845
michelle,2,0.10346611484738748,0.018088088993397845
sall,2,0.10346611484738748,0.018088088993397845
especially,2,0.10346611484738748,0.018088088993397845
fillers,2,0.10346611484738748,0.018088088993397845
abraham,2,0.10346611484738748,0.018088088993397845
pinkman,2,0.10346611484738748,0.018088088993397845
trop,2,0.10346611484738748,0.018088088993397845
estou,2,0.10346611484738748,0.018088088993397845
ground,2,0.10346611484738748,0.018088088993397845
dick,2,0.10346611484738748,0.018088088993397845
outside,2,0.10346611484738748,0.018088088993397845
carolina,2,0.10346611484738748,0.018088088993397845
william,2,0.10346611484738748,0.018088088993397845
sites,2,0.10346611484738748,0.018088088993397845
reading,2,0.10346611484738748,0.018088088993397845
jobs,2,0.10346611484738748,0.018088088993397845
lopez,2,0.10346611484738748,0.018088088993397845
var,2,0.10346611484738748,0.018088088993397845
elmasri,2,0.10346611484738748,0.018088088993397845
cancer,2,0.10346611484738748,0.018088088993397845
nicola,2,0.10346611484738748,0.018088088993397845
ricardo,2,0.10346611484738748,0.018088088993397845
erdem,2,0.10346611484738748,0.018088088993397845
pedro,2,0.10346611484738748,0.018088088993397845
oliver,2,0.10346611484738748,0.018088088993397845
snel,2,0.10346611484738748,0.018088088993397845
andrea,2,0.10346611484738748,0.018088088993397845
pilot,2,0.10346611484738748,0.018088088993397845
httpsyoutubesrzrilyqc2q,2,0.10346611484738748,0.018088088993397845
middle,2,0.10346611484738748,0.018088088993397845
salamanca,2,0.10346611484738748,0.018088088993397845
edwin,2,0.10346611484738748,0.018088088993397845
nai,2,0.10346611484738748,0.018088088993397845
rose,2,0.10346611484738748,0.018088088993397845
kimberly,2,0.10346611484738748,0.018088088993397845
interested,2,0.10346611484738748,0.018088088993397845
rosz,2,0.10346611484738748,0.018088088993397845
jake,2,0.10346611484738748,0.018088088993397845
amo,2,0.10346611484738748,0.018088088993397845
dark,2,0.10346611484738748,0.018088088993397845
culos,2,0.10346611484738748,0.018088088993397845
disappointed,2,0.10346611484738748,0.018088088993397845
erase,2,0.10346611484738748,0.018088088993397845
legal,2,0.10346611484738748,0.018088088993397845
porter,2,0.10346611484738748,0.018088088993397845
power,2,0.10346611484738748,0.018088088993397845
barrie,2,0.10346611484738748,0.018088088993397845
oh,2,0.10346611484738748,0.018088088993397845
stand,2,0.10346611484738748,0.018088088993397845
act,2,0.10346611484738748,0.018088088993397845
os,2,0.10346611484738748,0.018088088993397845
snapchat,2,0.10346611484738748,0.018088088993397845
car,2,0.10346611484738748,0.018088088993397845
httpwwwebaycaitm142369214604,2,0.10346611484738748,0.018088088993397845
henning,2,0.10346611484738748,0.018088088993397845
enough,2,0.10346611484738748,0.018088088993397845
seo,2,0.10346611484738748,0.018088088993397845
trying,2,0.10346611484738748,0.018088088993397845
hire,2,0.10346611484738748,0.018088088993397845
dirty,2,0.10346611484738748,0.018088088993397845
markus,2,0.10346611484738748,0.018088088993397845
walks,2,0.10346611484738748,0.018088088993397845
hasnt,2,0.10346611484738748,0.018088088993397845
heather,2,0.10346611484738748,0.018088088993397845
saquaremarj,2,0.10346611484738748,0.018088088993397845
jasveer,2,0.10346611484738748,0.018088088993397845
spoilers,2,0.10346611484738748,0.018088088993397845
gracias,2,0.10346611484738748,0.018088088993397845
recognise,2,0.10346611484738748,0.018088088993397845
brandt,2,0.10346611484738748,0.018088088993397845
forget,2,0.10346611484738748,0.018088088993397845
cameron,2,0.10346611484738748,0.018088088993397845
hmmm,2,0.10346611484738748,0.018088088993397845
jessie,2,0.10346611484738748,0.018088088993397845
tu,2,0.10346611484738748,0.018088088993397845
alberto,2,0.10346611484738748,0.018088088993397845
theyve,2,0.10346611484738748,0.018088088993397845
hudon,2,0.10346611484738748,0.018088088993397845
alma,2,0.10346611484738748,0.018088088993397845
small,2,0.10346611484738748,0.018088088993397845
ü§ó,2,0.10346611484738748,0.018088088993397845
khanna,2,0.10346611484738748,0.018088088993397845
yless,2,0.10346611484738748,0.018088088993397845
ramos,2,0.10346611484738748,0.018088088993397845
üôà,2,0.10346611484738748,0.018088088993397845
vis,2,0.10346611484738748,0.018088088993397845
nathan,2,0.10346611484738748,0.018088088993397845
üôÑ,2,0.10346611484738748,0.018088088993397845
tutto,2,0.10346611484738748,0.018088088993397845
silva,2,0.10346611484738748,0.018088088993397845
takes,2,0.10346611484738748,0.018088088993397845
twd,2,0.10346611484738748,0.018088088993397845
vg,2,0.10346611484738748,0.018088088993397845
bonilla,2,0.10346611484738748,0.018088088993397845
siric,2,0.10346611484738748,0.018088088993397845
laatste,2,0.10346611484738748,0.018088088993397845
stick,2,0.10346611484738748,0.018088088993397845
none,2,0.10346611484738748,0.018088088993397845
alvaro,2,0.10346611484738748,0.018088088993397845
history,2,0.10346611484738748,0.018088088993397845
renato,2,0.10346611484738748,0.018088088993397845
nadine,2,0.10346611484738748,0.018088088993397845
hhh,2,0.10346611484738748,0.018088088993397845
needs,2,0.10346611484738748,0.018088088993397845
rather,2,0.10346611484738748,0.018088088993397845
rsrsrs,2,0.10346611484738748,0.018088088993397845
brusamarello,2,0.10346611484738748,0.018088088993397845
brett,2,0.10346611484738748,0.018088088993397845
heaphy,2,0.10346611484738748,0.018088088993397845
shady,2,0.10346611484738748,0.018088088993397845
ego,2,0.10346611484738748,0.018088088993397845
facebook,2,0.10346611484738748,0.018088088993397845
ffs,2,0.10346611484738748,0.018088088993397845
hesley,2,0.10346611484738748,0.018088088993397845
return,2,0.10346611484738748,0.018088088993397845
yo,2,0.10346611484738748,0.018088088993397845
luery,2,0.10346611484738748,0.018088088993397845
alamgeer,2,0.10346611484738748,0.018088088993397845
kamalesh,2,0.10346611484738748,0.018088088993397845
found,2,0.10346611484738748,0.018088088993397845
idea,2,0.10346611484738748,0.018088088993397845
gun,2,0.10346611484738748,0.018088088993397845
agharas,2,0.10346611484738748,0.018088088993397845
event,2,0.10346611484738748,0.018088088993397845
eladio,2,0.10346611484738748,0.018088088993397845
acting,2,0.10346611484738748,0.018088088993397845
sauljimmy,2,0.10346611484738748,0.018088088993397845
beginning,2,0.10346611484738748,0.018088088993397845
bring,2,0.10346611484738748,0.018088088993397845
adam,2,0.10346611484738748,0.018088088993397845
feel,2,0.10346611484738748,0.018088088993397845
number,2,0.10346611484738748,0.018088088993397845
moritz,2,0.10346611484738748,0.018088088993397845
story,2,0.10346611484738748,0.018088088993397845
ton,2,0.10346611484738748,0.018088088993397845
jen,2,0.10346611484738748,0.018088088993397845
üòõ,2,0.10346611484738748,0.018088088993397845
jamie,2,0.10346611484738748,0.018088088993397845
üòÄ,2,0.10346611484738748,0.018088088993397845
üòÑ,2,0.10346611484738748,0.018088088993397845
kind,2,0.10346611484738748,0.018088088993397845
recording,2,0.10346611484738748,0.018088088993397845
supposed,2,0.10346611484738748,0.018088088993397845
üò¢,2,0.10346611484738748,0.018088088993397845
build,2,0.10346611484738748,0.018088088993397845
gio,2,0.10346611484738748,0.018088088993397845
nothing,2,0.10346611484738748,0.018088088993397845
devin,2,0.10346611484738748,0.018088088993397845
abend,2,0.10346611484738748,0.018088088993397845
weve,2,0.10346611484738748,0.018088088993397845
alicia,2,0.10346611484738748,0.018088088993397845
garcia,2,0.10346611484738748,0.018088088993397845
esmeralda,2,0.10346611484738748,0.018088088993397845
wow,2,0.10346611484738748,0.018088088993397845
please,2,0.10346611484738748,0.018088088993397845
recently,2,0.10346611484738748,0.018088088993397845
league,2,0.10346611484738748,0.018088088993397845
jawel,2,0.10346611484738748,0.018088088993397845
liked,2,0.10346611484738748,0.018088088993397845
acted,2,0.10346611484738748,0.018088088993397845
mikes,2,0.10346611484738748,0.018088088993397845
whos,2,0.10346611484738748,0.018088088993397845
hauk,2,0.10346611484738748,0.018088088993397845
krdw,2,0.10346611484738748,0.018088088993397845
else,2,0.10346611484738748,0.018088088993397845
oitnb,2,0.10346611484738748,0.018088088993397845
warrant,2,0.10346611484738748,0.018088088993397845
pace,2,0.10346611484738748,0.018088088993397845
while,2,0.10346611484738748,0.018088088993397845
sergio,2,0.10346611484738748,0.018088088993397845
vom,2,0.10346611484738748,0.018088088993397845
funny,2,0.10346611484738748,0.018088088993397845
anymore,2,0.10346611484738748,0.018088088993397845
weinberg,2,0.10346611484738748,0.018088088993397845
lawyers,2,0.10346611484738748,0.018088088993397845
moving,2,0.10346611484738748,0.018088088993397845
pimento,2,0.10346611484738748,0.018088088993397845
wheres,2,0.10346611484738748,0.018088088993397845
deepak,2,0.10346611484738748,0.018088088993397845
older,2,0.10346611484738748,0.018088088993397845
salvatore,2,0.10346611484738748,0.018088088993397845
sam,2,0.10346611484738748,0.018088088993397845
quadros,2,0.10346611484738748,0.018088088993397845
transformation,2,0.10346611484738748,0.018088088993397845
follows,2,0.10346611484738748,0.018088088993397845
ivan,2,0.10346611484738748,0.018088088993397845
anna,2,0.10346611484738748,0.018088088993397845
bs,2,0.10346611484738748,0.018088088993397845
ida,2,0.10346611484738748,0.018088088993397845
seeing,2,0.10346611484738748,0.018088088993397845
johns,2,0.10346611484738748,0.018088088993397845
martinez,2,0.10346611484738748,0.018088088993397845
steven,2,0.10346611484738748,0.018088088993397845
sonny,2,0.10346611484738748,0.018088088993397845
jo,2,0.10346611484738748,0.018088088993397845
question,2,0.10346611484738748,0.018088088993397845
fast,2,0.10346611484738748,0.018088088993397845
rowe,2,0.10346611484738748,0.018088088993397845
forward,2,0.10346611484738748,0.018088088993397845
fabio,2,0.10346611484738748,0.018088088993397845
byrne,2,0.10346611484738748,0.018088088993397845
erick,2,0.10346611484738748,0.018088088993397845
uk,2,0.10346611484738748,0.018088088993397845
malik,2,0.10346611484738748,0.018088088993397845
eduardo,2,0.10346611484738748,0.018088088993397845
chad,2,0.10346611484738748,0.018088088993397845
kkkkk,2,0.10346611484738748,0.018088088993397845
sarmiento,2,0.10346611484738748,0.018088088993397845
peace,2,0.10346611484738748,0.018088088993397845
meaning,2,0.10346611484738748,0.018088088993397845
ago,2,0.10346611484738748,0.018088088993397845
jason,2,0.10346611484738748,0.018088088993397845
overly,2,0.10346611484738748,0.018088088993397845
sent,2,0.10346611484738748,0.018088088993397845
cansar√©,2,0.10346611484738748,0.018088088993397845
ja,2,0.10346611484738748,0.018088088993397845
putting,2,0.10346611484738748,0.018088088993397845
mansoor,2,0.10346611484738748,0.018088088993397845
telling,2,0.10346611484738748,0.018088088993397845
originally,2,0.10346611484738748,0.018088088993397845
cartel,2,0.10346611484738748,0.018088088993397845
victor,2,0.10346611484738748,0.018088088993397845
saad,2,0.10346611484738748,0.018088088993397845
lee,2,0.10346611484738748,0.018088088993397845
fern√°ndez,2,0.10346611484738748,0.018088088993397845
louise,2,0.10346611484738748,0.018088088993397845
chileno,2,0.10346611484738748,0.018088088993397845
kiryan,2,0.10346611484738748,0.018088088993397845
usa,2,0.10346611484738748,0.018088088993397845
jonathan,2,0.10346611484738748,0.018088088993397845
clever,2,0.10346611484738748,0.018088088993397845
priya,2,0.10346611484738748,0.018088088993397845
meen,2,0.10346611484738748,0.018088088993397845
heard,2,0.10346611484738748,0.018088088993397845
sabe,2,0.10346611484738748,0.018088088993397845
tas,2,0.10346611484738748,0.018088088993397845
high,2,0.10346611484738748,0.018088088993397845
gomorra,2,0.10346611484738748,0.018088088993397845
sie,2,0.10346611484738748,0.018088088993397845
instead,2,0.10346611484738748,0.018088088993397845
monica,2,0.10346611484738748,0.018088088993397845
feinsten,2,0.10346611484738748,0.018088088993397845
httpswwwyoutubecomwatchvybm4k00smek,2,0.10346611484738748,0.018088088993397845
prognosis,2,0.10346611484738748,0.018088088993397845
vaibhav,2,0.10346611484738748,0.018088088993397845
lu,2,0.10346611484738748,0.018088088993397845
morris,2,0.10346611484738748,0.018088088993397845
paolucci,2,0.10346611484738748,0.018088088993397845
doing,2,0.10346611484738748,0.018088088993397845
buena,2,0.10346611484738748,0.018088088993397845
meth,2,0.10346611484738748,0.018088088993397845
lecture,2,0.10346611484738748,0.018088088993397845
torres,2,0.10346611484738748,0.018088088993397845
shut,2,0.10346611484738748,0.018088088993397845
g,2,0.10346611484738748,0.018088088993397845
ask,2,0.10346611484738748,0.018088088993397845
hence,2,0.10346611484738748,0.018088088993397845
karina,2,0.10346611484738748,0.018088088993397845
hussein,2,0.10346611484738748,0.018088088993397845
muhammad,2,0.10346611484738748,0.018088088993397845
developer,2,0.10346611484738748,0.018088088993397845
hat,2,0.10346611484738748,0.018088088993397845
heb,2,0.10346611484738748,0.018088088993397845
ben,2,0.10346611484738748,0.018088088993397845
bee,2,0.10346611484738748,0.018088088993397845
tonight,2,0.10346611484738748,0.018088088993397845
apparently,2,0.10346611484738748,0.018088088993397845
screw,2,0.10346611484738748,0.018088088993397845
oliveira,2,0.10346611484738748,0.018088088993397845
singh,2,0.10346611484738748,0.018088088993397845
mir,2,0.10346611484738748,0.018088088993397845
kijken,2,0.10346611484738748,0.018088088993397845
ray,2,0.10346611484738748,0.018088088993397845
mcgill,2,0.10346611484738748,0.018088088993397845
looked,2,0.10346611484738748,0.018088088993397845
sceptical,2,0.10346611484738748,0.018088088993397845
badassery,2,0.10346611484738748,0.018088088993397845
lloyd,2,0.10346611484738748,0.018088088993397845
jaa,2,0.10346611484738748,0.018088088993397845
h,2,0.10346611484738748,0.018088088993397845
mohammed,2,0.10346611484738748,0.018088088993397845
evren,2,0.10346611484738748,0.018088088993397845
genius,2,0.10346611484738748,0.018088088993397845
aurness,2,0.10346611484738748,0.018088088993397845
joe,2,0.10346611484738748,0.018088088993397845
spoil,2,0.10346611484738748,0.018088088993397845
police,2,0.10346611484738748,0.018088088993397845
wallace,2,0.10346611484738748,0.018088088993397845
drug,2,0.10346611484738748,0.018088088993397845
ypsilon,2,0.10346611484738748,0.018088088993397845
darryl,2,0.10346611484738748,0.018088088993397845
comment,2,0.10346611484738748,0.018088088993397845
ci,2,0.10346611484738748,0.018088088993397845
denis,2,0.10346611484738748,0.018088088993397845
yay,2,0.10346611484738748,0.018088088993397845
second,2,0.10346611484738748,0.018088088993397845
tyler,2,0.10346611484738748,0.018088088993397845
waste,2,0.10346611484738748,0.018088088993397845
ott,2,0.10346611484738748,0.018088088993397845
holiday,2,0.10346611484738748,0.018088088993397845
appearance,2,0.10346611484738748,0.018088088993397845
phishing,2,0.10346611484738748,0.018088088993397845
antigua,2,0.10346611484738748,0.018088088993397845
simone,2,0.10346611484738748,0.018088088993397845
juan,2,0.10346611484738748,0.018088088993397845
eric,2,0.10346611484738748,0.018088088993397845
maddalena,2,0.10346611484738748,0.018088088993397845
bald,2,0.10346611484738748,0.018088088993397845
kimberley,2,0.10346611484738748,0.018088088993397845
valeria,2,0.10346611484738748,0.018088088993397845
deserve,2,0.10346611484738748,0.018088088993397845
j√°,2,0.10346611484738748,0.018088088993397845
comentario,2,0.10346611484738748,0.018088088993397845
nicky,2,0.10346611484738748,0.018088088993397845
wed,2,0.10346611484738748,0.018088088993397845
bench,2,0.10346611484738748,0.018088088993397845
arrest,2,0.10346611484738748,0.018088088993397845
balloons,2,0.10346611484738748,0.018088088993397845
cruz,2,0.10346611484738748,0.018088088993397845
works,2,0.10346611484738748,0.018088088993397845
pauline,2,0.10346611484738748,0.018088088993397845
alive,2,0.10346611484738748,0.018088088993397845
home,2,0.10346611484738748,0.018088088993397845
peter,2,0.10346611484738748,0.018088088993397845
est,2,0.10346611484738748,0.018088088993397845
literally,2,0.10346611484738748,0.018088088993397845
ese,2,0.10346611484738748,0.018088088993397845
murdered,2,0.10346611484738748,0.018088088993397845
kristin,2,0.10346611484738748,0.018088088993397845
justin,2,0.10346611484738748,0.018088088993397845
glenn,2,0.10346611484738748,0.018088088993397845
doesnt,2,0.10346611484738748,0.018088088993397845
couldnt,2,0.10346611484738748,0.018088088993397845
francis,2,0.10346611484738748,0.018088088993397845
biggest,2,0.10346611484738748,0.018088088993397845
daniela,2,0.10346611484738748,0.018088088993397845
yrs,2,0.10346611484738748,0.018088088993397845
j,2,0.10346611484738748,0.018088088993397845
problem,2,0.10346611484738748,0.018088088993397845
pm,2,0.10346611484738748,0.018088088993397845
play,2,0.10346611484738748,0.018088088993397845
deaths,2,0.10346611484738748,0.018088088993397845
pic,2,0.10346611484738748,0.018088088993397845
incredibly,2,0.10346611484738748,0.018088088993397845
phish,2,0.10346611484738748,0.018088088993397845
britta,2,0.10346611484738748,0.018088088993397845
cliff,2,0.10346611484738748,0.018088088993397845
3rd,2,0.10346611484738748,0.018088088993397845
understand,2,0.10346611484738748,0.018088088993397845
